{
    "dport": {
        "name": "Dan Port",
        "password": "portspassword",
        "email": "dport@hawaii.edu"
    },
    "kazman": {
        "name": "Rick Kazman",
        "password": "kazmanpassword",
        "email": "kazman@hawaii.edu"
    },
    "mmulhall1": {
        "name": "maggie mulhall",
        "password": "school1234",
        "email": "mgmulhal@hawaii.edu"
    },
    "asmart": {
        "name": "assg asgdv",
        "password": "school1234",
        "email": "cdouty@hawaii.edu"
    },
    "jsummer": {
        "name": "joe summer",
        "password": "school1234",
        "email": "jsumk@hawaii.edu"
    },
    "queenkrii": {
        "name": "Krizel Tomines",
        "password": "56789:",
        "email": "ktomines@hawaii.edu"
    },
    "itm352": {
        "name": "itm itm",
        "password": "kvehiv",
        "email": "itm352@hawaii.edu"
    },
    "hello": {
        "name": "ITM COURSE",
        "password": "56789:",
        "email": "ktomines@hawaii.edu"
    }
}