{"dport":{"name":"Dan Port","password":"portspassword","email":"dport@hawaii.edu"},"kazman":{"name":"Rick Kazman","password":"kazmanpassword","email":"kazman@hawaii.edu"},"itm352":{"name":"ITM 352","password":"grader","email":"itm352@hawaii.edu"},"skippy":{"name":"skippy","password":"asdf","email":"xx@xyxy.com"},"":{"name":"","password":"","email":"xx@xyxy.com"},"ktomines":{"name":"Krizel Tomines","password":"123456","email":"ktomines@hawaii.edu"},"fdfd":{"name":"Krizel e","password":"123456","email":"rer@had.com"}}